model,logistic_regression,linear_svm,rbf_svm,gaussian_nb,decision_tree,random_forest,hist_gradient_boosting
logistic_regression,1.0,0.9962431907632694,0.509939345357978,0.7221129749535937,0.1257638902803328,0.3597627907068146,0.41956611878262956
linear_svm,0.9962431907632694,1.0,0.5135164439485137,0.714796018771817,0.12599420921478138,0.36285654313883603,0.4203541856319254
rbf_svm,0.509939345357978,0.5135164439485137,1.0,0.4264811203837151,0.135538536033902,0.4211489051051808,0.41871317758836907
gaussian_nb,0.7221129749535937,0.714796018771817,0.4264811203837151,1.0,0.10510489299124046,0.30190595890077676,0.3896453162492267
decision_tree,0.1257638902803328,0.12599420921478138,0.135538536033902,0.10510489299124046,1.0,0.2914875744809492,0.22275834226125238
random_forest,0.3597627907068146,0.36285654313883603,0.4211489051051808,0.30190595890077676,0.2914875744809492,1.0,0.539039399526027
hist_gradient_boosting,0.41956611878262956,0.4203541856319254,0.41871317758836907,0.3896453162492267,0.22275834226125238,0.539039399526027,1.0
